id,fileKey,originalName,originalBucketName,result,status,createdAt,updatedAt
1000,1,1.pdf,unprocesse,,UNPROCESSED,2022-07-11 15:02:53.591 -0400,
2,2,2.pdf,unprocesse,,UNPROCESSED,2022-07-11 15:02:53.591 -0400,
3,3,3.pdf,unprocesse,,UNPROCESSED,2022-07-11 15:02:53.591 -0400,
4,4,4.pdf,unprocesse,,UNPROCESSED,2022-07-11 15:02:53.591 -0400,
5,5,5.pdf,unprocesse,,UNPROCESSED,2022-07-11 15:02:53.591 -0400,
6,6,6.pdf,unprocesse,,UNPROCESSED,2022-07-11 15:02:53.591 -0400,
7,7,7.pdf,unprocesse,,UNPROCESSED,2022-07-11 15:02:53.591 -0400,
8,8,8.pdf,unprocesse,,UNPROCESSED,2022-07-11 15:02:53.591 -0400,
9,9,9.pdf,unprocesse,,UNPROCESSED,2022-07-11 15:02:53.591 -0400,
10,10,10.pdf,unprocesse,,UNPROCESSED,2022-07-11 15:02:53.591 -0400,
11,11,11.pdf,unprocesse,,UNPROCESSED,2022-07-11 15:02:53.591 -0400,
12,12,12.pdf,unprocesse,,UNPROCESSED,2022-07-11 15:02:53.591 -0400,
13,13,13.pdf,unprocesse,,UNPROCESSED,2022-07-11 15:02:53.591 -0400,
14,14,14.pdf,unprocesse,,UNPROCESSED,2022-07-11 15:02:53.591 -0400,
15,15,15.pdf,unprocesse,,UNPROCESSED,2022-07-11 15:02:53.591 -0400,
16,16,16.pdf,unprocesse,,UNPROCESSED,2022-07-11 15:02:53.591 -0400,
17,17,17.pdf,unprocesse,,UNPROCESSED,2022-07-11 15:02:53.591 -0400,
18,18,18.pdf,unprocesse,,UNPROCESSED,2022-07-11 15:02:53.591 -0400,
19,19,19.pdf,unprocesse,,UNPROCESSED,2022-07-11 15:02:53.591 -0400,
20,20,20.pdf,unprocesse,,UNPROCESSED,2022-07-11 15:02:53.591 -0400,
21,21,21.pdf,unprocesse,,UNPROCESSED,2022-07-11 15:02:53.591 -0400,
22,22,22.pdf,unprocesse,,UNPROCESSED,2022-07-11 15:02:53.591 -0400,
23,23,23.pdf,unprocesse,,UNPROCESSED,2022-07-11 15:02:53.591 -0400,
24,24,24.pdf,unprocesse,,UNPROCESSED,2022-07-11 15:02:53.591 -0400,
25,25,25.pdf,unprocesse,,UNPROCESSED,2022-07-11 15:02:53.591 -0400,
26,26,26.pdf,unprocesse,,UNPROCESSED,2022-07-11 15:02:53.591 -0400,
27,27,27.pdf,unprocesse,,UNPROCESSED,2022-07-11 15:02:53.591 -0400,
28,28,28.pdf,unprocesse,,UNPROCESSED,2022-07-11 15:02:53.591 -0400,
29,29,29.pdf,unprocesse,,UNPROCESSED,2022-07-11 15:02:53.591 -0400,
30,30,30.pdf,unprocesse,,UNPROCESSED,2022-07-11 15:02:53.591 -0400,
31,31,31.pdf,unprocesse,,UNPROCESSED,2022-07-11 15:02:53.591 -0400,
32,32,32.pdf,unprocesse,,UNPROCESSED,2022-07-11 15:02:53.591 -0400,
33,33,33.pdf,unprocesse,,UNPROCESSED,2022-07-11 15:02:53.591 -0400,
34,34,34.pdf,unprocesse,,UNPROCESSED,2022-07-11 15:02:53.591 -0400,
35,35,35.pdf,unprocesse,,UNPROCESSED,2022-07-11 15:02:53.591 -0400,
36,36,36.pdf,unprocesse,,UNPROCESSED,2022-07-11 15:02:53.591 -0400,
37,37,37.pdf,unprocesse,,UNPROCESSED,2022-07-11 15:02:53.591 -0400,
38,38,38.pdf,unprocesse,,UNPROCESSED,2022-07-11 15:02:53.591 -0400,
39,39,39.pdf,unprocesse,,UNPROCESSED,2022-07-11 15:02:53.591 -0400,
40,40,40.pdf,unprocesse,,UNPROCESSED,2022-07-11 15:02:53.591 -0400,
41,41,41.pdf,unprocesse,,UNPROCESSED,2022-07-11 15:02:53.591 -0400,
42,42,42.pdf,unprocesse,,UNPROCESSED,2022-07-11 15:02:53.591 -0400,
43,43,43.pdf,unprocesse,,UNPROCESSED,2022-07-11 15:02:53.591 -0400,
44,44,44.pdf,unprocesse,,UNPROCESSED,2022-07-11 15:02:53.591 -0400,
45,45,45.pdf,unprocesse,,UNPROCESSED,2022-07-11 15:02:53.591 -0400,
46,46,46.pdf,unprocesse,,UNPROCESSED,2022-07-11 15:02:53.591 -0400,
47,47,47.pdf,unprocesse,,UNPROCESSED,2022-07-11 15:02:53.591 -0400,
48,48,48.pdf,unprocesse,,UNPROCESSED,2022-07-11 15:02:53.591 -0400,
49,49,49.pdf,unprocesse,,UNPROCESSED,2022-07-11 15:02:53.591 -0400,
50,50,50.pdf,unprocesse,,UNPROCESSED,2022-07-11 15:02:53.591 -0400,
51,51,51.pdf,unprocesse,,UNPROCESSED,2022-07-11 15:02:53.591 -0400,
52,52,52.pdf,unprocesse,,UNPROCESSED,2022-07-11 15:02:53.591 -0400,
53,53,53.pdf,unprocesse,,UNPROCESSED,2022-07-11 15:02:53.591 -0400,
54,54,54.pdf,unprocesse,,UNPROCESSED,2022-07-11 15:02:53.591 -0400,
55,55,55.pdf,unprocesse,,UNPROCESSED,2022-07-11 15:02:53.591 -0400,
56,56,56.pdf,unprocesse,,UNPROCESSED,2022-07-11 15:02:53.591 -0400,
57,57,57.pdf,unprocesse,,UNPROCESSED,2022-07-11 15:02:53.591 -0400,
58,58,58.pdf,unprocesse,,UNPROCESSED,2022-07-11 15:02:53.591 -0400,
59,59,59.pdf,unprocesse,,UNPROCESSED,2022-07-11 15:02:53.591 -0400,
60,60,60.pdf,unprocesse,,UNPROCESSED,2022-07-11 15:02:53.591 -0400,
61,61,61.pdf,unprocesse,,UNPROCESSED,2022-07-11 15:02:53.591 -0400,
62,62,62.pdf,unprocesse,,UNPROCESSED,2022-07-11 15:02:53.591 -0400,
63,63,63.pdf,unprocesse,,UNPROCESSED,2022-07-11 15:02:53.591 -0400,
64,64,64.pdf,unprocesse,,UNPROCESSED,2022-07-11 15:02:53.591 -0400,
65,65,65.pdf,unprocesse,,UNPROCESSED,2022-07-11 15:02:53.591 -0400,
66,66,66.pdf,unprocesse,,UNPROCESSED,2022-07-11 15:02:53.591 -0400,
67,67,67.pdf,unprocesse,,UNPROCESSED,2022-07-11 15:02:53.591 -0400,
68,68,68.pdf,unprocesse,,UNPROCESSED,2022-07-11 15:02:53.591 -0400,
69,69,69.pdf,unprocesse,,UNPROCESSED,2022-07-11 15:02:53.591 -0400,
70,70,70.pdf,unprocesse,,UNPROCESSED,2022-07-11 15:02:53.591 -0400,
71,71,71.pdf,unprocesse,,UNPROCESSED,2022-07-11 15:02:53.591 -0400,
72,72,72.pdf,unprocesse,,UNPROCESSED,2022-07-11 15:02:53.591 -0400,
73,73,73.pdf,unprocesse,,UNPROCESSED,2022-07-11 15:02:53.591 -0400,
74,74,74.pdf,unprocesse,,UNPROCESSED,2022-07-11 15:02:53.591 -0400,
75,75,75.pdf,unprocesse,,UNPROCESSED,2022-07-11 15:02:53.591 -0400,
76,76,76.pdf,unprocesse,,UNPROCESSED,2022-07-11 15:02:53.591 -0400,
77,77,77.pdf,unprocesse,,UNPROCESSED,2022-07-11 15:02:53.591 -0400,
78,78,78.pdf,unprocesse,,UNPROCESSED,2022-07-11 15:02:53.591 -0400,
79,79,79.pdf,unprocesse,,UNPROCESSED,2022-07-11 15:02:53.591 -0400,
80,80,80.pdf,unprocesse,,UNPROCESSED,2022-07-11 15:02:53.591 -0400,
81,81,81.pdf,unprocesse,,UNPROCESSED,2022-07-11 15:02:53.591 -0400,
82,82,82.pdf,unprocesse,,UNPROCESSED,2022-07-11 15:02:53.591 -0400,
83,83,83.pdf,unprocesse,,UNPROCESSED,2022-07-11 15:02:53.591 -0400,
84,84,84.pdf,unprocesse,,UNPROCESSED,2022-07-11 15:02:53.591 -0400,
85,85,85.pdf,unprocesse,,UNPROCESSED,2022-07-11 15:02:53.591 -0400,
86,86,86.pdf,unprocesse,,UNPROCESSED,2022-07-11 15:02:53.591 -0400,
87,87,87.pdf,unprocesse,,UNPROCESSED,2022-07-11 15:02:53.591 -0400,
88,88,88.pdf,unprocesse,,UNPROCESSED,2022-07-11 15:02:53.591 -0400,
89,89,89.pdf,unprocesse,,UNPROCESSED,2022-07-11 15:02:53.591 -0400,
90,90,90.pdf,unprocesse,,UNPROCESSED,2022-07-11 15:02:53.591 -0400,
91,91,91.pdf,unprocesse,,UNPROCESSED,2022-07-11 15:02:53.591 -0400,
92,92,92.pdf,unprocesse,,UNPROCESSED,2022-07-11 15:02:53.591 -0400,
93,93,93.pdf,unprocesse,,UNPROCESSED,2022-07-11 15:02:53.591 -0400,
94,94,94.pdf,unprocesse,,UNPROCESSED,2022-07-11 15:02:53.591 -0400,
95,95,95.pdf,unprocesse,,UNPROCESSED,2022-07-11 15:02:53.591 -0400,
96,96,96.pdf,unprocesse,,UNPROCESSED,2022-07-11 15:02:53.591 -0400,
97,97,97.pdf,unprocesse,,UNPROCESSED,2022-07-11 15:02:53.591 -0400,
98,98,98.pdf,unprocesse,,UNPROCESSED,2022-07-11 15:02:53.591 -0400,
99,99,99.pdf,unprocesse,,UNPROCESSED,2022-07-11 15:02:53.591 -0400,
100,100,100.pdf,unprocesse,,UNPROCESSED,2022-07-11 15:02:53.591 -0400,
101,101,101.pdf,unprocesse,,UNPROCESSED,2022-07-11 15:02:53.591 -0400,
102,102,102.pdf,unprocesse,,UNPROCESSED,2022-07-11 15:02:53.591 -0400,
103,103,103.pdf,unprocesse,,UNPROCESSED,2022-07-11 15:02:53.591 -0400,
104,104,104.pdf,unprocesse,,UNPROCESSED,2022-07-11 15:02:53.591 -0400,
105,105,105.pdf,unprocesse,,UNPROCESSED,2022-07-11 15:02:53.591 -0400,
106,106,106.pdf,unprocesse,,UNPROCESSED,2022-07-11 15:02:53.591 -0400,
107,107,107.pdf,unprocesse,,UNPROCESSED,2022-07-11 15:02:53.591 -0400,
108,108,108.pdf,unprocesse,,UNPROCESSED,2022-07-11 15:02:53.591 -0400,
109,109,109.pdf,unprocesse,,UNPROCESSED,2022-07-11 15:02:53.591 -0400,
110,110,110.pdf,unprocesse,,UNPROCESSED,2022-07-11 15:02:53.591 -0400,
111,111,111.pdf,unprocesse,,UNPROCESSED,2022-07-11 15:02:53.591 -0400,
112,112,112.pdf,unprocesse,,UNPROCESSED,2022-07-11 15:02:53.591 -0400,
113,113,113.pdf,unprocesse,,UNPROCESSED,2022-07-11 15:02:53.591 -0400,
114,114,114.pdf,unprocesse,,UNPROCESSED,2022-07-11 15:02:53.591 -0400,
115,115,115.pdf,unprocesse,,UNPROCESSED,2022-07-11 15:02:53.591 -0400,
116,116,116.pdf,unprocesse,,UNPROCESSED,2022-07-11 15:02:53.591 -0400,
117,117,117.pdf,unprocesse,,UNPROCESSED,2022-07-11 15:02:53.591 -0400,
118,118,118.pdf,unprocesse,,UNPROCESSED,2022-07-11 15:02:53.591 -0400,
119,119,119.pdf,unprocesse,,UNPROCESSED,2022-07-11 15:02:53.591 -0400,
120,120,120.pdf,unprocesse,,UNPROCESSED,2022-07-11 15:02:53.591 -0400,
121,121,121.pdf,unprocesse,,UNPROCESSED,2022-07-11 15:02:53.591 -0400,
122,122,122.pdf,unprocesse,,UNPROCESSED,2022-07-11 15:02:53.591 -0400,
123,123,123.pdf,unprocesse,,UNPROCESSED,2022-07-11 15:02:53.591 -0400,
124,124,124.pdf,unprocesse,,UNPROCESSED,2022-07-11 15:02:53.591 -0400,
125,125,125.pdf,unprocesse,,UNPROCESSED,2022-07-11 15:02:53.591 -0400,
126,126,126.pdf,unprocesse,,UNPROCESSED,2022-07-11 15:02:53.591 -0400,
127,127,127.pdf,unprocesse,,UNPROCESSED,2022-07-11 15:02:53.591 -0400,
128,128,128.pdf,unprocesse,,UNPROCESSED,2022-07-11 15:02:53.591 -0400,
129,129,129.pdf,unprocesse,,UNPROCESSED,2022-07-11 15:02:53.591 -0400,
130,130,130.pdf,unprocesse,,UNPROCESSED,2022-07-11 15:02:53.591 -0400,
131,131,131.pdf,unprocesse,,UNPROCESSED,2022-07-11 15:02:53.591 -0400,
132,132,132.pdf,unprocesse,,UNPROCESSED,2022-07-11 15:02:53.591 -0400,
133,133,133.pdf,unprocesse,,UNPROCESSED,2022-07-11 15:02:53.591 -0400,
134,134,134.pdf,unprocesse,,UNPROCESSED,2022-07-11 15:02:53.591 -0400,
135,135,135.pdf,unprocesse,,UNPROCESSED,2022-07-11 15:02:53.591 -0400,
136,136,136.pdf,unprocesse,,UNPROCESSED,2022-07-11 15:02:53.591 -0400,
137,137,137.pdf,unprocesse,,UNPROCESSED,2022-07-11 15:02:53.591 -0400,
138,138,138.pdf,unprocesse,,UNPROCESSED,2022-07-11 15:02:53.591 -0400,
139,139,139.pdf,unprocesse,,UNPROCESSED,2022-07-11 15:02:53.591 -0400,
140,140,140.pdf,unprocesse,,UNPROCESSED,2022-07-11 15:02:53.591 -0400,
141,141,141.pdf,unprocesse,,UNPROCESSED,2022-07-11 15:02:53.591 -0400,
142,142,142.pdf,unprocesse,,UNPROCESSED,2022-07-11 15:02:53.591 -0400,
143,143,143.pdf,unprocesse,,UNPROCESSED,2022-07-11 15:02:53.591 -0400,
144,144,144.pdf,unprocesse,,UNPROCESSED,2022-07-11 15:02:53.591 -0400,
145,145,145.pdf,unprocesse,,UNPROCESSED,2022-07-11 15:02:53.591 -0400,
146,146,146.pdf,unprocesse,,UNPROCESSED,2022-07-11 15:02:53.591 -0400,
147,147,147.pdf,unprocesse,,UNPROCESSED,2022-07-11 15:02:53.591 -0400,
148,148,148.pdf,unprocesse,,UNPROCESSED,2022-07-11 15:02:53.591 -0400,
149,149,149.pdf,unprocesse,,UNPROCESSED,2022-07-11 15:02:53.591 -0400,
150,150,150.pdf,unprocesse,,UNPROCESSED,2022-07-11 15:02:53.591 -0400,
151,151,151.pdf,unprocesse,,UNPROCESSED,2022-07-11 15:02:53.591 -0400,
152,152,152.pdf,unprocesse,,UNPROCESSED,2022-07-11 15:02:53.591 -0400,
153,153,153.pdf,unprocesse,,UNPROCESSED,2022-07-11 15:02:53.591 -0400,
154,154,154.pdf,unprocesse,,UNPROCESSED,2022-07-11 15:02:53.591 -0400,
155,155,155.pdf,unprocesse,,UNPROCESSED,2022-07-11 15:02:53.591 -0400,
156,156,156.pdf,unprocesse,,UNPROCESSED,2022-07-11 15:02:53.591 -0400,
157,157,157.pdf,unprocesse,,UNPROCESSED,2022-07-11 15:02:53.591 -0400,
158,158,158.pdf,unprocesse,,UNPROCESSED,2022-07-11 15:02:53.591 -0400,
159,159,159.pdf,unprocesse,,UNPROCESSED,2022-07-11 15:02:53.591 -0400,
160,160,160.pdf,unprocesse,,UNPROCESSED,2022-07-11 15:02:53.591 -0400,
161,161,161.pdf,unprocesse,,UNPROCESSED,2022-07-11 15:02:53.591 -0400,
162,162,162.pdf,unprocesse,,UNPROCESSED,2022-07-11 15:02:53.591 -0400,
163,163,163.pdf,unprocesse,,UNPROCESSED,2022-07-11 15:02:53.591 -0400,
164,164,164.pdf,unprocesse,,UNPROCESSED,2022-07-11 15:02:53.591 -0400,
165,165,165.pdf,unprocesse,,UNPROCESSED,2022-07-11 15:02:53.591 -0400,
166,166,166.pdf,unprocesse,,UNPROCESSED,2022-07-11 15:02:53.591 -0400,
167,167,167.pdf,unprocesse,,UNPROCESSED,2022-07-11 15:02:53.591 -0400,
168,168,168.pdf,unprocesse,,UNPROCESSED,2022-07-11 15:02:53.591 -0400,
169,169,169.pdf,unprocesse,,UNPROCESSED,2022-07-11 15:02:53.591 -0400,
170,170,170.pdf,unprocesse,,UNPROCESSED,2022-07-11 15:02:53.591 -0400,
171,171,171.pdf,unprocesse,,UNPROCESSED,2022-07-11 15:02:53.591 -0400,
172,172,172.pdf,unprocesse,,UNPROCESSED,2022-07-11 15:02:53.591 -0400,
173,173,173.pdf,unprocesse,,UNPROCESSED,2022-07-11 15:02:53.591 -0400,
174,174,174.pdf,unprocesse,,UNPROCESSED,2022-07-11 15:02:53.591 -0400,
175,175,175.pdf,unprocesse,,UNPROCESSED,2022-07-11 15:02:53.591 -0400,
176,176,176.pdf,unprocesse,,UNPROCESSED,2022-07-11 15:02:53.591 -0400,
177,177,177.pdf,unprocesse,,UNPROCESSED,2022-07-11 15:02:53.591 -0400,
178,178,178.pdf,unprocesse,,UNPROCESSED,2022-07-11 15:02:53.591 -0400,
179,179,179.pdf,unprocesse,,UNPROCESSED,2022-07-11 15:02:53.591 -0400,
180,180,180.pdf,unprocesse,,UNPROCESSED,2022-07-11 15:02:53.591 -0400,
181,181,181.pdf,unprocesse,,UNPROCESSED,2022-07-11 15:02:53.591 -0400,
182,182,182.pdf,unprocesse,,UNPROCESSED,2022-07-11 15:02:53.591 -0400,
183,183,183.pdf,unprocesse,,UNPROCESSED,2022-07-11 15:02:53.591 -0400,
184,184,184.pdf,unprocesse,,UNPROCESSED,2022-07-11 15:02:53.591 -0400,
185,185,185.pdf,unprocesse,,UNPROCESSED,2022-07-11 15:02:53.591 -0400,
186,186,186.pdf,unprocesse,,UNPROCESSED,2022-07-11 15:02:53.591 -0400,
187,187,187.pdf,unprocesse,,UNPROCESSED,2022-07-11 15:02:53.591 -0400,
188,188,188.pdf,unprocesse,,UNPROCESSED,2022-07-11 15:02:53.591 -0400,
189,189,189.pdf,unprocesse,,UNPROCESSED,2022-07-11 15:02:53.591 -0400,
190,190,190.pdf,unprocesse,,UNPROCESSED,2022-07-11 15:02:53.591 -0400,
191,191,191.pdf,unprocesse,,UNPROCESSED,2022-07-11 15:02:53.591 -0400,
192,192,192.pdf,unprocesse,,UNPROCESSED,2022-07-11 15:02:53.591 -0400,
193,193,193.pdf,unprocesse,,UNPROCESSED,2022-07-11 15:02:53.591 -0400,
194,194,194.pdf,unprocesse,,UNPROCESSED,2022-07-11 15:02:53.591 -0400,
195,195,195.pdf,unprocesse,,UNPROCESSED,2022-07-11 15:02:53.591 -0400,
196,196,196.pdf,unprocesse,,UNPROCESSED,2022-07-11 15:02:53.591 -0400,
197,197,197.pdf,unprocesse,,UNPROCESSED,2022-07-11 15:02:53.591 -0400,
198,198,198.pdf,unprocesse,,UNPROCESSED,2022-07-11 15:02:53.591 -0400,
199,199,199.pdf,unprocesse,,UNPROCESSED,2022-07-11 15:02:53.591 -0400,
200,200,200.pdf,unprocesse,,UNPROCESSED,2022-07-11 15:02:53.591 -0400,
201,201,201.pdf,unprocesse,,UNPROCESSED,2022-07-11 15:02:53.591 -0400,
